resource_name,source_files,english_value,japanese_value,market_adaptation
app_name,resource/manual,Car Dealer Tracker,Car Dealer Tracker,no
l10n_0_30_days_79c8f34c8d,Android Car Dealer Tracker/app/src/main/java/com/ezcar24/business/ui/inventory/InventoryAnalyticsScreen.kt,0-30 days,0〜30日,no
l10n_10_1df30ffd07,Android Car Dealer Tracker/app/src/main/java/com/ezcar24/business/ui/settings/HoldingCostSettingsScreen.kt,10%,10%,no
l10n_15_2b01c5b342,Android Car Dealer Tracker/app/src/main/java/com/ezcar24/business/ui/settings/HoldingCostSettingsScreen.kt,15%,15%,no
l10n_20_ea7ba4661a,Android Car Dealer Tracker/app/src/main/java/com/ezcar24/business/ui/settings/HoldingCostSettingsScreen.kt,20%,20%,no
l10n_25_5e1164e36f,Android Car Dealer Tracker/app/src/main/java/com/ezcar24/business/ui/settings/HoldingCostSettingsScreen.kt,25%,25%,no
l10n_31_60_days_9ba963c672,Android Car Dealer Tracker/app/src/main/java/com/ezcar24/business/ui/inventory/InventoryAnalyticsScreen.kt,31-60 days,31〜60日,no
l10n_61_90_days_d441b757a6,Android Car Dealer Tracker/app/src/main/java/com/ezcar24/business/ui/inventory/InventoryAnalyticsScreen.kt,61-90 days,61〜90日,no
l10n_90_days_025be66f3a,Android Car Dealer Tracker/app/src/main/java/com/ezcar24/business/ui/inventory/InventoryAnalyticsScreen.kt,90+ days,90日超,no
l10n_about_holding_costs_3d2034fe33,Android Car Dealer Tracker/app/src/main/java/com/ezcar24/business/ui/settings/HoldingCostSettingsScreen.kt,About Holding Costs,保管コストについて,no
l10n_access_updated_51fe14626d,resource/manual,Access updated.,アクセス権を更新しました。,no
l10n_account_85dfa32c97,Android Car Dealer Tracker/app/src/main/java/com/ezcar24/business/ui/expense/AddExpenseSheet.kt,Account,口座,no
l10n_account_name_db3b79e181,Android Car Dealer Tracker/app/src/main/java/com/ezcar24/business/ui/finance/FinancialAccountScreens.kt,Account Name,口座名,no
l10n_account_transactions_11823944ea,resource/manual,Account Transactions,口座取引,no
l10n_accounts_36bae31694,resource/manual,Accounts,口座,no
l10n_active_member_08604aa2d6,resource/manual,Active member,有効なメンバー,no
l10n_active_subscription_ca7dbfa9fb,resource/manual,Active subscription,サブスクリプション有効,no
l10n_add_61cc55aa04,Android Car Dealer Tracker/app/src/main/java/com/ezcar24/business/ui/client/ClientDetailScreen.kt; Android Car Dealer Tracker/app/src/main/java/com/ezcar24/business/ui/dashboard/DashboardScreen.kt; Android Car Dealer Tracker/app/src/main/java/com/ezcar24/business/ui/expense/AddExpenseSheet.kt; Android Car Dealer Tracker/app/src/main/java/com/ezcar24/business/ui/finance/DebtScreens.kt; Android Car Dealer Tracker/app/src/main/java/com/ezcar24/business/ui/finance/FinancialAccountScreens.kt; Android Car Dealer Tracker/app/src/main/java/com/ezcar24/business/ui/parts/PartsDashboardScreen.kt; Android Car Dealer Tracker/app/src/main/java/com/ezcar24/business/ui/sale/SalesScreen.kt,Add,追加,no
l10n_add_a_note_what_was_this_expense_for_c08bd5a3bf,Android Car Dealer Tracker/app/src/main/java/com/ezcar24/business/ui/expense/ExpenseDetailBottomSheet.kt,Add a note (what was this expense for?),メモを追加（何の経費ですか？）,no
l10n_add_account_568c7279d9,Android Car Dealer Tracker/app/src/main/java/com/ezcar24/business/ui/finance/FinancialAccountScreens.kt,Add Account,口座を追加,no
l10n_add_account_feature_coming_soon_69f93d7502,Android Car Dealer Tracker/app/src/main/java/com/ezcar24/business/ui/expense/AddExpenseSheet.kt,Add Account feature coming soon,口座追加機能は近日対応予定です,no
l10n_add_client_d2bacebb97,Android Car Dealer Tracker/app/src/main/java/com/ezcar24/business/ui/client/ClientListScreen.kt,Add Client,顧客を追加,no
l10n_add_deposit_09a9471993,resource/manual,Add Deposit,入金を追加,no
l10n_add_expense_f53d122b20,Android Car Dealer Tracker/app/src/main/java/com/ezcar24/business/ui/dashboard/DashboardScreen.kt; Android Car Dealer Tracker/app/src/main/java/com/ezcar24/business/ui/expense/ExpenseScreen.kt,Add Expense,経費を追加,no
l10n_add_interaction_5e56ca5d10,Android Car Dealer Tracker/app/src/main/java/com/ezcar24/business/ui/client/ClientDetailScreen.kt,Add Interaction,対応履歴を追加,no
l10n_add_lead_6a1df4c114,Android Car Dealer Tracker/app/src/main/java/com/ezcar24/business/ui/crm/LeadManagementScreen.kt,Add Lead,リードを追加,no
l10n_add_line_item_dc45f5a83e,Android Car Dealer Tracker/app/src/main/java/com/ezcar24/business/ui/parts/PartsDashboardScreen.kt,Add Line Item,明細を追加,no
l10n_add_notes_here_e22fea650a,Android Car Dealer Tracker/app/src/main/java/com/ezcar24/business/ui/client/ClientDetailScreen.kt,Add notes here...,メモを入力...,no
l10n_add_part_83760b6974,Android Car Dealer Tracker/app/src/main/java/com/ezcar24/business/ui/parts/PartsDashboardScreen.kt,Add Part,部品を追加,yes
l10n_add_photos_be917560d1,Android Car Dealer Tracker/app/src/main/java/com/ezcar24/business/ui/vehicle/VehicleDetailScreen.kt,Add Photos,写真を追加,no
l10n_add_reminder_9d1c0460dd,Android Car Dealer Tracker/app/src/main/java/com/ezcar24/business/ui/client/ClientDetailScreen.kt,Add Reminder,リマインダーを追加,no
l10n_add_sale_b337755e1f,Android Car Dealer Tracker/app/src/main/java/com/ezcar24/business/ui/parts/PartsDashboardScreen.kt,Add Sale,販売を追加,no
l10n_add_user_feature_coming_soon_5ed892a941,Android Car Dealer Tracker/app/src/main/java/com/ezcar24/business/ui/expense/AddExpenseSheet.kt,Add User feature coming soon,ユーザー追加機能は近日対応予定です,no
l10n_add_vehicle_c1f3a9f514,Android Car Dealer Tracker/app/src/main/java/com/ezcar24/business/ui/vehicle/VehicleListScreen.kt,Add Vehicle,車両を追加,no
l10n_additional_notes_d2291b5d1a,Android Car Dealer Tracker/app/src/main/java/com/ezcar24/business/ui/vehicle/VehicleAddEditScreen.kt,Additional notes...,追加メモ...,no
l10n_align_inventory_carrying_cost_with_ios_ana_bc068ebc37,resource/manual,Align inventory carrying cost with iOS analytics,在庫保有コストをiOS分析と合わせる,yes
l10n_all_6a72085653,Android Car Dealer Tracker/app/src/main/java/com/ezcar24/business/ui/crm/LeadManagementScreen.kt; Android Car Dealer Tracker/app/src/main/java/com/ezcar24/business/ui/inventory/InventoryAlertsScreen.kt; Android Car Dealer Tracker/app/src/main/java/com/ezcar24/business/ui/inventory/InventoryAnalyticsScreen.kt,All,すべて,no
l10n_all_categories_1fd266c217,Android Car Dealer Tracker/app/src/main/java/com/ezcar24/business/ui/parts/PartsDashboardScreen.kt,All Categories,すべてのカテゴリ,no
l10n_all_employees_127ec08a02,Android Car Dealer Tracker/app/src/main/java/com/ezcar24/business/ui/expense/ExpenseScreen.kt,All Employees,すべての従業員,no
l10n_all_good_4441c53766,resource/manual,All Good,問題なし,no
l10n_all_types_eb672cb3ba,Android Car Dealer Tracker/app/src/main/java/com/ezcar24/business/ui/expense/ExpenseScreen.kt,All Types,すべての種類,no
l10n_all_vehicles_dd9eb32418,Android Car Dealer Tracker/app/src/main/java/com/ezcar24/business/ui/expense/ExpenseScreen.kt,All Vehicles,すべての車両,no
l10n_amount_abd20c69e9,Android Car Dealer Tracker/app/src/main/java/com/ezcar24/business/ui/expense/AddExpenseSheet.kt,AMOUNT,金額,no
l10n_amount_s_ec8b61efc7,Android Car Dealer Tracker/app/src/main/java/com/ezcar24/business/ui/finance/DebtScreens.kt; Android Car Dealer Tracker/app/src/main/java/com/ezcar24/business/ui/finance/FinancialAccountScreens.kt,Amount (%s),金額（%s）,no
l10n_annual_percentage_rate_for_holding_cost_ca_a7c28951ee,Android Car Dealer Tracker/app/src/main/java/com/ezcar24/business/ui/settings/HoldingCostSettingsScreen.kt,Annual percentage rate for holding cost calculation,保管コスト計算に使用する年率,no
l10n_annual_rate_81552973a1,Android Car Dealer Tracker/app/src/main/java/com/ezcar24/business/ui/settings/HoldingCostSettingsScreen.kt,Annual Rate (%),年率 (%),no
l10n_annual_rate_a438a59151,resource/manual,Annual Rate,年率,no
l10n_archive_export_failed_d6b43c3fa9,resource/manual,Archive export failed,アーカイブのエクスポートに失敗しました,no
l10n_asking_price_b892b74008,Android Car Dealer Tracker/app/src/main/java/com/ezcar24/business/ui/components/FinancialSummaryCard.kt,Asking Price,希望販売価格,no
l10n_at_least_6_characters_d5af567482,Android Car Dealer Tracker/app/src/main/java/com/ezcar24/business/ui/auth/PasswordResetScreen.kt,At least 6 characters,6文字以上,no
l10n_attach_receipt_0bfc326bcd,resource/manual,Attach receipt,領収書を添付,no
l10n_automatically_calculated_from_annual_rate_6ff256bfdb,Android Car Dealer Tracker/app/src/main/java/com/ezcar24/business/ui/settings/HoldingCostSettingsScreen.kt,Automatically calculated from annual rate,年率から自動計算されます,no
l10n_available_vehicles_480bae92bc,Android Car Dealer Tracker/app/src/main/java/com/ezcar24/business/ui/sale/AddSaleScreen.kt,Available Vehicles:,選択可能な車両:,no
l10n_back_b52b36b726,Android Car Dealer Tracker/app/src/main/java/com/ezcar24/business/ui/client/ClientDetailScreen.kt; Android Car Dealer Tracker/app/src/main/java/com/ezcar24/business/ui/crm/LeadFunnelScreen.kt; Android Car Dealer Tracker/app/src/main/java/com/ezcar24/business/ui/crm/LeadManagementScreen.kt; Android Car Dealer Tracker/app/src/main/java/com/ezcar24/business/ui/finance/DebtScreens.kt; Android Car Dealer Tracker/app/src/main/java/com/ezcar24/business/ui/finance/FinancialAccountScreens.kt; Android Car Dealer Tracker/app/src/main/java/com/ezcar24/business/ui/inventory/InventoryAlertsScreen.kt; Android Car Dealer Tracker/app/src/main/java/com/ezcar24/business/ui/inventory/InventoryAnalyticsScreen.kt; Android Car Dealer Tracker/app/src/main/java/com/ezcar24/business/ui/search/GlobalSearchScreen.kt; Android Car Dealer Tracker/app/src/main/java/com/ezcar24/business/ui/settings/BackupCenterScreen.kt; Android Car Dealer Tracker/app/src/main/java/com/ezcar24/business/ui/settings/ChangePasswordScreen.kt; Android Car Dealer Tracker/app/src/main/java/com/ezcar24/business/ui/settings/DataHealthScreen.kt; Android Car Dealer Tracker/app/src/main/java/com/ezcar24/business/ui/settings/HoldingCostSettingsScreen.kt; Android Car Dealer Tracker/app/src/main/java/com/ezcar24/business/ui/settings/MonthlyReportSettingsScreen.kt; Android Car Dealer Tracker/app/src/main/java/com/ezcar24/business/ui/settings/RegionLanguageSettingsScreen.kt; Android Car Dealer Tracker/app/src/main/java/com/ezcar24/business/ui/settings/TeamMembersScreen.kt; Android Car Dealer Tracker/app/src/main/java/com/ezcar24/business/ui/settings/UserGuideScreen.kt; Android Car Dealer Tracker/app/src/main/java/com/ezcar24/business/ui/vehicle/VehicleDetailScreen.kt,Back,戻る,no
l10n_backup_export_d8c6bdd3ee,Android Car Dealer Tracker/app/src/main/java/com/ezcar24/business/ui/settings/BackupCenterScreen.kt,Backup &amp; Export,バックアップとエクスポート,no
l10n_balance_s_75b5f54c82,Android Car Dealer Tracker/app/src/main/java/com/ezcar24/business/ui/finance/FinancialAccountScreens.kt,Balance (%s),残高（%s）,no
l10n_bank_9e89988cc3,resource/manual,Bank,銀行,no
l10n_based_on_aging_and_market_conditions_consi_7876b380bd,resource/manual,"Based on aging and market conditions, consider a price reduction to accelerate sale.",在庫日数と市場状況を踏まえ、販売促進のため値下げを検討してください。,yes
l10n_batch_label_fbb29dce48,Android Car Dealer Tracker/app/src/main/java/com/ezcar24/business/ui/parts/PartsDashboardScreen.kt,Batch Label,ロット名,no
l10n_brief_summary_of_the_interaction_e8e6ea860a,Android Car Dealer Tracker/app/src/main/java/com/ezcar24/business/ui/components/crm/AddInteractionSheet.kt,Brief summary of the interaction,対応内容の簡単な要約,no
l10n_build_json_archive_02746b36ea,Android Car Dealer Tracker/app/src/main/java/com/ezcar24/business/ui/settings/BackupCenterScreen.kt,Build JSON Archive,JSONアーカイブを作成,no
l10n_business_name_a8e3901b09,Android Car Dealer Tracker/app/src/main/java/com/ezcar24/business/ui/dashboard/DashboardScreen.kt; Android Car Dealer Tracker/app/src/main/java/com/ezcar24/business/ui/settings/SettingsScreen.kt,Business name,事業名,no
l10n_buyer_details_dba47552c8,resource/manual,Buyer Details,購入者詳細,no
l10n_buyer_name_2b4f2a6012,Android Car Dealer Tracker/app/src/main/java/com/ezcar24/business/ui/parts/PartsDashboardScreen.kt; Android Car Dealer Tracker/app/src/main/java/com/ezcar24/business/ui/sale/AddSaleScreen.kt,Buyer Name,購入者名,no
l10n_buyer_phone_7c5502c5b3,Android Car Dealer Tracker/app/src/main/java/com/ezcar24/business/ui/parts/PartsDashboardScreen.kt; Android Car Dealer Tracker/app/src/main/java/com/ezcar24/business/ui/sale/AddSaleScreen.kt,Buyer Phone,購入者電話番号,no
l10n_calculate_holding_costs_ed57a45e72,Android Car Dealer Tracker/app/src/main/java/com/ezcar24/business/ui/settings/HoldingCostSettingsScreen.kt,Calculate holding costs,保管コストを計算,no
l10n_call_291a0a58df,Android Car Dealer Tracker/app/src/main/java/com/ezcar24/business/ui/client/ClientDetailScreen.kt; Android Car Dealer Tracker/app/src/main/java/com/ezcar24/business/ui/client/ClientListScreen.kt; Android Car Dealer Tracker/app/src/main/java/com/ezcar24/business/ui/components/crm/LeadCard.kt,Call,電話,no
l10n_cancel_77dfd2135f,Android Car Dealer Tracker/app/src/main/java/com/ezcar24/business/ui/auth/PasswordResetScreen.kt; Android Car Dealer Tracker/app/src/main/java/com/ezcar24/business/ui/client/ClientDetailScreen.kt; Android Car Dealer Tracker/app/src/main/java/com/ezcar24/business/ui/components/FinancialSummaryCard.kt; Android Car Dealer Tracker/app/src/main/java/com/ezcar24/business/ui/components/crm/AddInteractionSheet.kt; Android Car Dealer Tracker/app/src/main/java/com/ezcar24/business/ui/dashboard/DashboardScreen.kt; Android Car Dealer Tracker/app/src/main/java/com/ezcar24/business/ui/expense/AddExpenseSheet.kt; Android Car Dealer Tracker/app/src/main/java/com/ezcar24/business/ui/finance/DebtScreens.kt; Android Car Dealer Tracker/app/src/main/java/com/ezcar24/business/ui/finance/FinancialAccountScreens.kt; Android Car Dealer Tracker/app/src/main/java/com/ezcar24/business/ui/parts/PartsDashboardScreen.kt; Android Car Dealer Tracker/app/src/main/java/com/ezcar24/business/ui/settings/BackupCenterScreen.kt; Android Car Dealer Tracker/app/src/main/java/com/ezcar24/business/ui/settings/HoldingCostSettingsScreen.kt; Android Car Dealer Tracker/app/src/main/java/com/ezcar24/business/ui/settings/SettingsScreen.kt; Android Car Dealer Tracker/app/src/main/java/com/ezcar24/business/ui/settings/TeamMembersScreen.kt; Android Car Dealer Tracker/app/src/main/java/com/ezcar24/business/ui/vehicle/VehicleAddEditScreen.kt; Android Car Dealer Tracker/app/src/main/java/com/ezcar24/business/ui/vehicle/VehicleDetailScreen.kt; Android Car Dealer Tracker/app/src/main/java/com/ezcar24/business/ui/vehicle/VehicleListScreen.kt,Cancel,キャンセル,no
l10n_car_bc47a3dce0,Android Car Dealer Tracker/app/src/main/java/com/ezcar24/business/ui/vehicle/VehicleListScreen.kt,Car,車両,no
l10n_car_dealer_tracker_7c5908a418,Android Car Dealer Tracker/app/src/main/java/com/ezcar24/business/ui/settings/BackupCenterViewModel.kt,Car Dealer Tracker,Car Dealer Tracker,no
l10n_cash_758ec54e43,resource/manual,Cash,現金,no
l10n_cash_bank_and_account_movement_5c935878ac,resource/manual,"Cash, bank and account movement",現金・銀行・口座の入出金,no
l10n_category_a3c686e711,Android Car Dealer Tracker/app/src/main/java/com/ezcar24/business/ui/parts/PartsDashboardScreen.kt,Category,カテゴリ,no
l10n_change_64fbd995d3,Android Car Dealer Tracker/app/src/main/java/com/ezcar24/business/ui/sale/AddSaleScreen.kt,Change,変更,no
l10n_change_password_49289db43e,Android Car Dealer Tracker/app/src/main/java/com/ezcar24/business/ui/settings/ChangePasswordScreen.kt,Change Password,パスワードを変更,no
l10n_change_photo_6080b454e5,Android Car Dealer Tracker/app/src/main/java/com/ezcar24/business/ui/vehicle/VehicleAddEditScreen.kt,Change Photo,写真を変更,no
l10n_change_role_7b55cbe933,Android Car Dealer Tracker/app/src/main/java/com/ezcar24/business/ui/settings/TeamMembersScreen.kt,Change Role,権限を変更,no
l10n_choose_file_54a2a8411d,resource/manual,Choose File,ファイルを選択,no
l10n_clean_up_duplicates_7fc0497c55,resource/manual,Clean Up Duplicates,重複を整理,no
l10n_clear_719ea396ad,Android Car Dealer Tracker/app/src/main/java/com/ezcar24/business/ui/crm/LeadFunnelScreen.kt,Clear,クリア,no
l10n_clear_all_c043160a89,Android Car Dealer Tracker/app/src/main/java/com/ezcar24/business/ui/crm/LeadManagementScreen.kt,Clear all,すべてクリア,no
l10n_clear_filters_412226715c,Android Car Dealer Tracker/app/src/main/java/com/ezcar24/business/ui/crm/LeadManagementScreen.kt,Clear filters,フィルタをクリア,no
l10n_clear_filters_to_see_all_leads_adc98b15db,Android Car Dealer Tracker/app/src/main/java/com/ezcar24/business/ui/crm/LeadManagementScreen.kt,Clear filters to see all leads,すべてのリードを表示するにはフィルタを解除してください,no
l10n_client_follow_ups_debts_and_inventory_remi_8d8f44f8a4,Android Car Dealer Tracker/app/src/main/java/com/ezcar24/business/ui/settings/SettingsScreen.kt,"Client follow-ups, debts and inventory reminders",顧客フォロー、債務、在庫リマインダー,yes
l10n_client_interactions_6b224458e6,resource/manual,Client Interactions,顧客対応履歴,no
l10n_client_name_130c62f72d,Android Car Dealer Tracker/app/src/main/java/com/ezcar24/business/ui/client/ClientDetailScreen.kt,Client Name,顧客名,no
l10n_client_reminder_9373ed22b0,Android Car Dealer Tracker/app/src/main/java/com/ezcar24/business/notification/NotificationHelper.kt,Client Reminder,顧客リマインダー,no
l10n_clients_28e22fe3dd,resource/manual,Clients,顧客,no
l10n_close_bbfa773e5a,Android Car Dealer Tracker/app/src/main/java/com/ezcar24/business/ui/components/crm/AddInteractionSheet.kt; Android Car Dealer Tracker/app/src/main/java/com/ezcar24/business/ui/expense/AddExpenseSheet.kt; Android Car Dealer Tracker/app/src/main/java/com/ezcar24/business/ui/expense/ExpenseDetailBottomSheet.kt; Android Car Dealer Tracker/app/src/main/java/com/ezcar24/business/ui/parts/PartDetailBottomSheet.kt; Android Car Dealer Tracker/app/src/main/java/com/ezcar24/business/ui/sale/SalesScreen.kt; Android Car Dealer Tracker/app/src/main/java/com/ezcar24/business/ui/settings/PaywallScreen.kt; Android Car Dealer Tracker/app/src/main/java/com/ezcar24/business/ui/settings/SettingsScreen.kt; Android Car Dealer Tracker/app/src/main/java/com/ezcar24/business/ui/vehicle/VehicleDetailScreen.kt,Close,閉じる,no
l10n_code_adac69379a,Android Car Dealer Tracker/app/src/main/java/com/ezcar24/business/ui/parts/PartsDashboardScreen.kt,Code,コード,no
l10n_complete_sale_ebdd278082,Android Car Dealer Tracker/app/src/main/java/com/ezcar24/business/ui/sale/AddSaleScreen.kt,Complete Sale,販売を完了,no
l10n_confirm_04a212215e,Android Car Dealer Tracker/app/src/main/java/com/ezcar24/business/ui/finance/DebtScreens.kt; Android Car Dealer Tracker/app/src/main/java/com/ezcar24/business/ui/finance/FinancialAccountScreens.kt,Confirm,確認,no
l10n_confirm_password_c2d404cb7b,Android Car Dealer Tracker/app/src/main/java/com/ezcar24/business/ui/auth/PasswordResetScreen.kt; Android Car Dealer Tracker/app/src/main/java/com/ezcar24/business/ui/settings/ChangePasswordScreen.kt,Confirm Password,パスワードを確認,no
l10n_contact_developer_846bcff57b,resource/manual,Contact Developer,開発者に連絡,no
l10n_contact_info_3ec80d39d2,Android Car Dealer Tracker/app/src/main/java/com/ezcar24/business/ui/client/ClientDetailScreen.kt,CONTACT INFO,連絡先情報,no
l10n_contact_info_e873f4db37,resource/manual,Contact Info,連絡先情報,no
l10n_continue_2e02623966,Android Car Dealer Tracker/app/src/main/java/com/ezcar24/business/ui/settings/PaywallScreen.kt,Continue,続行,no
l10n_copied_to_clipboard_0e73834873,Android Car Dealer Tracker/app/src/main/java/com/ezcar24/business/ui/settings/TeamMembersScreen.kt,Copied to clipboard,クリップボードにコピーしました,no
l10n_copy_code_6c10692719,Android Car Dealer Tracker/app/src/main/java/com/ezcar24/business/ui/settings/SettingsScreen.kt,Copy code,コードをコピー,no
l10n_cost_75fde9afb2,resource/manual,COST,原価,no
l10n_could_not_attach_receipt_002c812c35,Android Car Dealer Tracker/app/src/main/java/com/ezcar24/business/ui/expense/AddExpenseSheet.kt; Android Car Dealer Tracker/app/src/main/java/com/ezcar24/business/ui/expense/ExpenseDetailBottomSheet.kt,Could not attach receipt,領収書を添付できませんでした,no
l10n_could_not_open_receipt_3a52256bcf,Android Car Dealer Tracker/app/src/main/java/com/ezcar24/business/ui/expense/ExpenseViewModel.kt,Could not open receipt,領収書を開けませんでした,no
l10n_cover_8b656a5dd9,Android Car Dealer Tracker/app/src/main/java/com/ezcar24/business/ui/vehicle/VehicleDetailScreen.kt,Cover,カバー,no
l10n_create_business_b992caf4a9,Android Car Dealer Tracker/app/src/main/java/com/ezcar24/business/ui/dashboard/DashboardScreen.kt; Android Car Dealer Tracker/app/src/main/java/com/ezcar24/business/ui/settings/SettingsScreen.kt,Create Business,事業を作成,no
l10n_create_part_sale_eeef3a4213,resource/manual,Create Part Sale,部品販売を作成,yes
l10n_create_sale_ee71e2b920,resource/manual,Create Sale,販売を作成,no
l10n_create_your_account_4046b58182,resource/manual,Create your account,アカウントを作成,no
l10n_critical_04b7b26c8c,Android Car Dealer Tracker/app/src/main/java/com/ezcar24/business/ui/inventory/InventoryAlertsScreen.kt,Critical,重要,no
l10n_crm_summary_394916621f,resource/manual,CRM Summary,CRMサマリー,no
l10n_currency_region_c9a9ff05aa,resource/manual,Currency / Region,通貨 / 地域,no
l10n_custom_range_report_46cf03bd77,Android Car Dealer Tracker/app/src/main/java/com/ezcar24/business/ui/settings/BackupCenterScreen.kt,Custom Range Report,期間指定レポート,no
l10n_d_exp_e293e81168,Android Car Dealer Tracker/app/src/main/java/com/ezcar24/business/ui/vehicle/VehicleListScreen.kt,%d exp,経費%d件,no
l10n_daily_rate_fe3d54900d,resource/manual,Daily Rate,日次率,no
l10n_dashboard_d87f47b47e,resource/manual,Dashboard,ダッシュボード,no
l10n_data_health_bc65a39db5,Android Car Dealer Tracker/app/src/main/java/com/ezcar24/business/ui/dashboard/DashboardScreen.kt; Android Car Dealer Tracker/app/src/main/java/com/ezcar24/business/ui/settings/DataHealthScreen.kt,Data Health,データ健全性,no
l10n_date_eb9a4bc1c0,Android Car Dealer Tracker/app/src/main/java/com/ezcar24/business/ui/expense/AddExpenseSheet.kt,Date,日付,no
l10n_days_high_to_low_e01ed449bc,Android Car Dealer Tracker/app/src/main/java/com/ezcar24/business/ui/vehicle/VehicleListScreen.kt,Days: High to Low,日数: 多い順,no
l10n_days_in_inventory_75eebd53e7,Android Car Dealer Tracker/app/src/main/java/com/ezcar24/business/ui/vehicle/VehicleDetailScreen.kt,Days in Inventory:,在庫日数:,yes
l10n_days_low_to_high_f66275dbea,Android Car Dealer Tracker/app/src/main/java/com/ezcar24/business/ui/vehicle/VehicleListScreen.kt,Days: Low to High,日数: 少ない順,no
l10n_deal_history_144ed39d2f,resource/manual,Deal History,商談履歴,no
l10n_deal_value_s_0dbb3f7861,Android Car Dealer Tracker/app/src/main/java/com/ezcar24/business/ui/components/crm/AddInteractionSheet.kt,Deal Value (%s),商談金額（%s）,no
l10n_dealer_pro_c1e6ec9ef0,resource/manual,Dealer Pro,Dealer Pro,no
l10n_debt_payments_c2265e641f,resource/manual,Debt Payments,債務支払い,no
l10n_debts_787aab25f6,Android Car Dealer Tracker/app/src/main/java/com/ezcar24/business/ui/finance/DebtScreens.kt; Android Car Dealer Tracker/app/src/main/java/com/ezcar24/business/ui/sale/SalesScreen.kt,Debts,債務,no
l10n_delete_account_data_252712421d,resource/manual,Delete Account &amp; Data,アカウントとデータを削除,no
l10n_delete_f6fdbe48dc,Android Car Dealer Tracker/app/src/main/java/com/ezcar24/business/ui/client/ClientDetailScreen.kt; Android Car Dealer Tracker/app/src/main/java/com/ezcar24/business/ui/finance/DebtScreens.kt; Android Car Dealer Tracker/app/src/main/java/com/ezcar24/business/ui/finance/FinancialAccountScreens.kt; Android Car Dealer Tracker/app/src/main/java/com/ezcar24/business/ui/parts/PartsDashboardScreen.kt; Android Car Dealer Tracker/app/src/main/java/com/ezcar24/business/ui/sale/SalesScreen.kt; Android Car Dealer Tracker/app/src/main/java/com/ezcar24/business/ui/vehicle/VehicleDetailScreen.kt; Android Car Dealer Tracker/app/src/main/java/com/ezcar24/business/ui/vehicle/VehicleListScreen.kt,Delete,削除,no
l10n_delete_interaction_72592ef009,Android Car Dealer Tracker/app/src/main/java/com/ezcar24/business/ui/client/ClientDetailScreen.kt; Android Car Dealer Tracker/app/src/main/java/com/ezcar24/business/ui/components/crm/InteractionItem.kt,Delete interaction,対応履歴を削除,no
l10n_delete_photo_fc700472e1,Android Car Dealer Tracker/app/src/main/java/com/ezcar24/business/ui/vehicle/VehicleDetailScreen.kt,Delete photo,写真を削除,no
l10n_delete_records_20ec0fc73b,resource/manual,Delete Records,レコード削除,no
l10n_delete_reminder_18cf079683,Android Car Dealer Tracker/app/src/main/java/com/ezcar24/business/ui/client/ClientDetailScreen.kt,Delete reminder,リマインダーを削除,no
l10n_delete_vehicle_2d8f468e29,Android Car Dealer Tracker/app/src/main/java/com/ezcar24/business/ui/vehicle/VehicleDetailScreen.kt,Delete Vehicle?,車両を削除しますか？,no
l10n_delete_vehicle_35f19fe601,Android Car Dealer Tracker/app/src/main/java/com/ezcar24/business/ui/vehicle/VehicleDetailScreen.kt,Delete Vehicle,車両を削除,no
l10n_deposit_e7b0b317a6,Android Car Dealer Tracker/app/src/main/java/com/ezcar24/business/ui/finance/FinancialAccountScreens.kt,Deposit,入金,no
l10n_detailed_notes_about_the_interaction_76cd9c1921,Android Car Dealer Tracker/app/src/main/java/com/ezcar24/business/ui/components/crm/AddInteractionSheet.kt,Detailed notes about the interaction...,対応内容の詳細メモ...,no
l10n_dismiss_70afe9eff3,Android Car Dealer Tracker/app/src/main/java/com/ezcar24/business/ui/client/ClientDetailScreen.kt; Android Car Dealer Tracker/app/src/main/java/com/ezcar24/business/ui/components/inventory/InventoryAlertBanner.kt; Android Car Dealer Tracker/app/src/main/java/com/ezcar24/business/ui/crm/LeadManagementScreen.kt; Android Car Dealer Tracker/app/src/main/java/com/ezcar24/business/ui/dashboard/DashboardScreen.kt; Android Car Dealer Tracker/app/src/main/java/com/ezcar24/business/ui/inventory/InventoryAlertsScreen.kt; Android Car Dealer Tracker/app/src/main/java/com/ezcar24/business/ui/settings/HoldingCostSettingsScreen.kt; Android Car Dealer Tracker/app/src/main/java/com/ezcar24/business/ui/settings/MonthlyReportSettingsScreen.kt; Android Car Dealer Tracker/app/src/main/java/com/ezcar24/business/ui/settings/TeamMembersScreen.kt,Dismiss,閉じる,no
l10n_done_e9b450d14b,Android Car Dealer Tracker/app/src/main/java/com/ezcar24/business/ui/inventory/InventoryAnalyticsScreen.kt; Android Car Dealer Tracker/app/src/main/java/com/ezcar24/business/ui/settings/RegionLanguageSettingsScreen.kt; Android Car Dealer Tracker/app/src/main/java/com/ezcar24/business/ui/settings/TeamMembersScreen.kt,Done,完了,no
l10n_due_s_be08cc1da0,Android Car Dealer Tracker/app/src/main/java/com/ezcar24/business/ui/client/ClientDetailScreen.kt,Due: %s,期限: %s,no
l10n_duplicates_sync_state_and_diagnostics_80e028bf24,resource/manual,"Duplicates, sync state and diagnostics",重複、同期状態、診断,no
l10n_duration_minutes_10c3d1ca4b,Android Car Dealer Tracker/app/src/main/java/com/ezcar24/business/ui/components/crm/AddInteractionSheet.kt,Duration (minutes),所要時間（分）,no
l10n_edit_5301648dcf,Android Car Dealer Tracker/app/src/main/java/com/ezcar24/business/ui/client/ClientDetailScreen.kt; Android Car Dealer Tracker/app/src/main/java/com/ezcar24/business/ui/components/FinancialSummaryCard.kt; Android Car Dealer Tracker/app/src/main/java/com/ezcar24/business/ui/vehicle/VehicleDetailScreen.kt,Edit,編集,no
l10n_edit_account_a7bbd29ef8,Android Car Dealer Tracker/app/src/main/java/com/ezcar24/business/ui/finance/FinancialAccountScreens.kt,Edit Account,口座を編集,no
l10n_edit_debt_b321534344,resource/manual,Edit Debt,債務を編集,no
l10n_email_84add5b295,Android Car Dealer Tracker/app/src/main/java/com/ezcar24/business/ui/client/ClientDetailScreen.kt; Android Car Dealer Tracker/app/src/main/java/com/ezcar24/business/ui/components/crm/LeadCard.kt; Android Car Dealer Tracker/app/src/main/java/com/ezcar24/business/ui/settings/TeamMembersScreen.kt,Email,メール,no
l10n_email_address_09ba557fd1,Android Car Dealer Tracker/app/src/main/java/com/ezcar24/business/ui/client/ClientDetailScreen.kt,Email Address,メールアドレス,no
l10n_email_reports_593bdc0539,resource/manual,Email Reports,メールレポート,no
l10n_email_support_for_sync_or_account_issues_aaeecf78ff,resource/manual,Email support for sync or account issues,同期やアカウント問題のメールサポート,no
l10n_enable_holding_cost_calculation_8c6e77a841,resource/manual,Enable Holding Cost Calculation,保管コスト計算を有効化,no
l10n_enable_parts_tracking_module_84b8e24907,resource/manual,Enable parts tracking module,部品管理モジュールを有効化,yes
l10n_entity_counts_7cd051ce3f,Android Car Dealer Tracker/app/src/main/java/com/ezcar24/business/ui/settings/DataHealthScreen.kt,Entity Counts,データ件数,no
l10n_estimated_value_c0da7cb3ed,Android Car Dealer Tracker/app/src/main/java/com/ezcar24/business/ui/client/ClientDetailScreen.kt,Estimated Value,見込み金額,no
l10n_estimated_value_s_2695067f49,Android Car Dealer Tracker/app/src/main/java/com/ezcar24/business/ui/client/ClientDetailScreen.kt,Estimated Value (%s),見込み金額（%s）,no
l10n_executive_summary_3abcc2cf04,Android Car Dealer Tracker/app/src/main/java/com/ezcar24/business/ui/settings/BackupCenterViewModel.kt,Executive Summary,エグゼクティブサマリー,no
l10n_expense_templates_f352328486,resource/manual,Expense Templates,経費テンプレート,no
l10n_expenses_8d437dbf95,Android Car Dealer Tracker/app/src/main/java/com/ezcar24/business/ui/expense/ExpenseScreen.kt,Expenses,経費,no
l10n_export_clients_csv_8c21a892e1,resource/manual,Export clients CSV,顧客CSVをエクスポート,no
l10n_export_expenses_csv_ef83c6d4b7,resource/manual,Export expenses CSV,経費CSVをエクスポート,no
l10n_export_failed_d6c17e9bd7,resource/manual,Export failed,エクスポートに失敗しました,no
l10n_export_vehicles_csv_69dee19215,resource/manual,Export vehicles CSV,車両CSVをエクスポート,no
l10n_filter_d7decf1aa2,Android Car Dealer Tracker/app/src/main/java/com/ezcar24/business/ui/client/ClientListScreen.kt; Android Car Dealer Tracker/app/src/main/java/com/ezcar24/business/ui/crm/LeadFunnelScreen.kt; Android Car Dealer Tracker/app/src/main/java/com/ezcar24/business/ui/crm/LeadManagementScreen.kt; Android Car Dealer Tracker/app/src/main/java/com/ezcar24/business/ui/inventory/InventoryAnalyticsScreen.kt,Filter,フィルター,no
l10n_financial_accounts_728ed9e9ca,Android Car Dealer Tracker/app/src/main/java/com/ezcar24/business/ui/finance/FinancialAccountScreens.kt,Financial Accounts,金融口座,no
l10n_financial_overview_bd34d08878,Android Car Dealer Tracker/app/src/main/java/com/ezcar24/business/ui/settings/BackupCenterViewModel.kt,Financial Overview,財務概要,no
l10n_formula_annual_rate_365_days_c6985dd15d,Android Car Dealer Tracker/app/src/main/java/com/ezcar24/business/ui/settings/HoldingCostSettingsScreen.kt,Formula: Annual Rate ÷ 365 days,計算式: 年率 ÷ 365日,no
l10n_free_plan_46bba20f3f,resource/manual,Free Plan,無料プラン,no
l10n_full_backup_archive_6d63cfb1eb,Android Car Dealer Tracker/app/src/main/java/com/ezcar24/business/ui/settings/BackupCenterScreen.kt,Full Backup &amp; Archive,フルバックアップとアーカイブ,no
l10n_general_9239ee2cda,resource/manual,General,一般,no
l10n_generate_pdf_report_71a2691414,Android Car Dealer Tracker/app/src/main/java/com/ezcar24/business/ui/settings/BackupCenterScreen.kt,Generate PDF Report,PDFレポートを作成,no
l10n_holding_cost_072a0eb5df,Android Car Dealer Tracker/app/src/main/java/com/ezcar24/business/ui/expense/ExpenseScreen.kt,Holding Cost,在庫保有費,yes
l10n_holding_cost_is_s_of_total_cost_consider_f_1657f0d2c7,resource/manual,Holding cost is %s%% of total cost. Consider faster turnover.,保管コストが総原価の%s%%です。回転期間の短縮を検討してください。,no
l10n_holding_cost_settings_56d4285d35,Android Car Dealer Tracker/app/src/main/java/com/ezcar24/business/ui/settings/HoldingCostSettingsScreen.kt,Holding Cost Settings,在庫保有費設定,yes
l10n_holding_costs_are_s_of_vehicle_cost_consid_dd6b8bdb30,resource/manual,Holding costs are %s%% of vehicle cost. Consider faster turnover.,保管コストが車両原価の%s%%です。回転期間の短縮を検討してください。,no
l10n_holding_costs_represent_the_daily_expense__f638001ece,Android Car Dealer Tracker/app/src/main/java/com/ezcar24/business/ui/settings/HoldingCostSettingsScreen.kt,Holding costs represent the daily expense of keeping a vehicle in your inventory. ,保管コストは、車両を在庫として保有するために日々発生する費用です。,yes
l10n_how_it_works_8cecc82d72,Android Car Dealer Tracker/app/src/main/java/com/ezcar24/business/ui/settings/HoldingCostSettingsScreen.kt,How It Works,仕組み,no
l10n_improvement_06a5958742,Android Car Dealer Tracker/app/src/main/java/com/ezcar24/business/ui/expense/ExpenseScreen.kt,Improvement,改善,no
l10n_in_garage_6e98e8be38,resource/manual,In Garage,保管中,no
l10n_in_transit_046e5cee81,Android Car Dealer Tracker/app/src/main/java/com/ezcar24/business/ui/inventory/InventoryAnalyticsScreen.kt,In Transit,搬送中,no
l10n_info_4b631f6984,Android Car Dealer Tracker/app/src/main/java/com/ezcar24/business/ui/inventory/InventoryAlertsScreen.kt,Info,情報,no
l10n_initial_stock_246f037a63,Android Car Dealer Tracker/app/src/main/java/com/ezcar24/business/ui/parts/PartsDashboardScreen.kt,Initial Stock,初期在庫,yes
l10n_interactions_0b3583ecaa,Android Car Dealer Tracker/app/src/main/java/com/ezcar24/business/ui/client/ClientDetailScreen.kt,Interactions,対応履歴,no
l10n_interactions_3e9b25e52c,Android Car Dealer Tracker/app/src/main/java/com/ezcar24/business/ui/client/ClientDetailScreen.kt,INTERACTIONS,対応履歴,no
l10n_inventory_300d29fd5f,Android Car Dealer Tracker/app/src/main/java/com/ezcar24/business/ui/parts/PartsDashboardScreen.kt,Inventory,在庫,yes
l10n_inventory_overview_6c60ff1858,Android Car Dealer Tracker/app/src/main/java/com/ezcar24/business/ui/parts/PartsDashboardScreen.kt,Inventory Overview,在庫概要,yes
l10n_inventory_parts_48753b6a28,resource/manual,Inventory &amp; Parts,在庫と部品,yes
l10n_inventory_value_d96f52b847,resource/manual,Inventory Value,在庫金額,yes
l10n_invite_accepted_use_the_business_switcher__48c892716f,resource/manual,Invite accepted. Use the business switcher to change organizations.,招待を承認しました。事業切り替えから組織を変更できます。,no
l10n_invite_b136609f06,Android Car Dealer Tracker/app/src/main/java/com/ezcar24/business/ui/settings/TeamMembersScreen.kt,Invite,招待,no
l10n_invite_code_copied_53ba04fe05,Android Car Dealer Tracker/app/src/main/java/com/ezcar24/business/ui/settings/SettingsScreen.kt,Invite code copied,招待コードをコピーしました,no
l10n_invite_code_e91cf27d1a,Android Car Dealer Tracker/app/src/main/java/com/ezcar24/business/ui/settings/SettingsScreen.kt,Invite code,招待コード,no
l10n_invite_code_is_required_d56d4da09f,resource/manual,Invite code is required.,招待コードを入力してください。,no
l10n_invite_code_saved_sign_in_to_apply_0358d383fb,resource/manual,Invite code saved. Sign in to apply.,招待コードを保存しました。適用するにはサインインしてください。,no
l10n_invite_ready_d63d9ab8e9,Android Car Dealer Tracker/app/src/main/java/com/ezcar24/business/ui/settings/TeamMembersScreen.kt,Invite Ready,招待の準備完了,no
l10n_invite_removed_6c02654e1f,resource/manual,Invite removed.,招待を削除しました。,no
l10n_invite_team_member_ba9a4750b3,Android Car Dealer Tracker/app/src/main/java/com/ezcar24/business/ui/settings/TeamMembersScreen.kt,Invite Team Member,チームメンバーを招待,no
l10n_join_car_dealer_tracker_using_my_invite_co_688ef50dfa,Android Car Dealer Tracker/app/src/main/java/com/ezcar24/business/ui/settings/SettingsScreen.kt,"Join Car Dealer Tracker using my invite code %1$s. Subscribe and we both get an extra month free.
%2$s","招待コード %1$s を使ってCar Dealer Trackerに参加してください。サブスクリプション登録で双方に1か月分の特典が追加されます。
%2$s",no
l10n_join_e0d73143de,Android Car Dealer Tracker/app/src/main/java/com/ezcar24/business/ui/settings/SettingsScreen.kt,Join,参加,no
l10n_join_team_by_code_de2c46a824,Android Car Dealer Tracker/app/src/main/java/com/ezcar24/business/ui/settings/SettingsScreen.kt,Join Team by Code,コードでチームに参加,no
l10n_language_89b86ab0e6,resource/manual,Language,言語,no
l10n_last_sync_s_3823d3f26b,Android Car Dealer Tracker/app/src/main/java/com/ezcar24/business/ui/settings/DataHealthScreen.kt,Last Sync: %s,最終同期: %s,no
l10n_lead_funnel_1a4f54a31c,Android Car Dealer Tracker/app/src/main/java/com/ezcar24/business/ui/crm/LeadFunnelScreen.kt,Lead Funnel,リードファネル,no
l10n_lead_information_f5caed15cb,Android Car Dealer Tracker/app/src/main/java/com/ezcar24/business/ui/client/ClientDetailScreen.kt,LEAD INFORMATION,リード情報,no
l10n_lead_management_a32661e4fa,Android Car Dealer Tracker/app/src/main/java/com/ezcar24/business/ui/crm/LeadManagementScreen.kt,Lead Management,リード管理,no
l10n_lead_score_570b129882,Android Car Dealer Tracker/app/src/main/java/com/ezcar24/business/ui/client/ClientDetailScreen.kt,Lead Score,リードスコア,no
l10n_lead_source_272a3bc17b,Android Car Dealer Tracker/app/src/main/java/com/ezcar24/business/ui/client/ClientDetailScreen.kt,Lead Source,リード獲得元,no
l10n_lead_stage_3835cf63f8,Android Car Dealer Tracker/app/src/main/java/com/ezcar24/business/ui/client/ClientDetailScreen.kt,Lead Stage,リードステージ,no
l10n_legal_902c91d94e,resource/manual,Legal,法務,no
l10n_line_items_7cea20a1a0,Android Car Dealer Tracker/app/src/main/java/com/ezcar24/business/ui/parts/PartsDashboardScreen.kt,Line Items,明細,no
l10n_load_the_finance_snapshot_used_for_deliver_7133b84064,resource/manual,Load the finance snapshot used for delivery,配信に使う財務スナップショットを読み込む,no
l10n_low_stock_023d1181eb,Android Car Dealer Tracker/app/src/main/java/com/ezcar24/business/ui/parts/PartsDashboardScreen.kt,Low Stock,低在庫,yes
l10n_manage_bf58d17e56,Android Car Dealer Tracker/app/src/main/java/com/ezcar24/business/ui/vehicle/VehicleDetailScreen.kt,Manage,管理,no
l10n_manage_parts_inventory_b3976d6b7d,resource/manual,Manage Parts Inventory,部品在庫を管理,yes
l10n_manage_team_6008d643e7,resource/manual,Manage Team,チーム管理,no
l10n_management_63cecca67b,resource/manual,Management,管理,no
l10n_mark_all_read_e5f6134329,Android Car Dealer Tracker/app/src/main/java/com/ezcar24/business/ui/inventory/InventoryAlertsScreen.kt,Mark All Read,すべて既読にする,no
l10n_mark_sold_f9ed53bb35,Android Car Dealer Tracker/app/src/main/java/com/ezcar24/business/ui/vehicle/VehicleListScreen.kt,Mark Sold,販売済みにする,no
l10n_max_s_c462e78d25,Android Car Dealer Tracker/app/src/main/java/com/ezcar24/business/ui/finance/DebtScreens.kt,Max: %s,上限: %s,no
l10n_member_removed_f948dba5bc,resource/manual,Member removed.,メンバーを削除しました。,no
l10n_menu_57f5f5efbc,Android Car Dealer Tracker/app/src/main/java/com/ezcar24/business/ui/expense/AddExpenseSheet.kt,Menu,メニュー,no
l10n_merge_duplicate_vehicles_clients_users_and_21d32c6631,resource/manual,"Merge duplicate vehicles, clients, users and accounts",重複した車両、顧客、ユーザー、口座を統合,no
l10n_message_68f4145fee,Android Car Dealer Tracker/app/src/main/java/com/ezcar24/business/ui/components/crm/LeadCard.kt,Message,メッセージ,no
l10n_mileage_83d293bb51,Android Car Dealer Tracker/app/src/main/java/com/ezcar24/business/ui/vehicle/VehicleDetailScreen.kt,Mileage:,走行距離:,no
l10n_monthly_finance_snapshot_preview_and_test__c2b4e0c277,resource/manual,"Monthly finance snapshot, preview and test delivery",月次財務スナップショット、プレビュー、テスト配信,no
l10n_more_options_86c0a35ec8,Android Car Dealer Tracker/app/src/main/java/com/ezcar24/business/ui/components/crm/LeadCard.kt,More options,その他の操作,no
l10n_move_to_s_219f3bcc39,Android Car Dealer Tracker/app/src/main/java/com/ezcar24/business/ui/components/crm/LeadCard.kt,Move to %s,%sへ移動,no
l10n_name_709a23220f,Android Car Dealer Tracker/app/src/main/java/com/ezcar24/business/ui/finance/DebtScreens.kt; Android Car Dealer Tracker/app/src/main/java/com/ezcar24/business/ui/parts/PartsDashboardScreen.kt,Name,名前,no
l10n_need_attention_90_days_968bd64859,resource/manual,Need attention (90+ days),対応が必要（90日超）,no
l10n_net_profit_8bebc63cc9,resource/manual,Net Profit,純利益,no
l10n_net_profit_dce52ef31f,resource/manual,NET PROFIT,純利益,no
l10n_never_80c3052d33,Android Car Dealer Tracker/app/src/main/java/com/ezcar24/business/ui/settings/DataHealthScreen.kt,Never,未実行,no
l10n_new_debt_acf70a9a2b,resource/manual,New Debt,新規債務,no
l10n_new_password_4894cb39ee,Android Car Dealer Tracker/app/src/main/java/com/ezcar24/business/ui/auth/PasswordResetScreen.kt; Android Car Dealer Tracker/app/src/main/java/com/ezcar24/business/ui/settings/ChangePasswordScreen.kt,New Password,新しいパスワード,no
l10n_new_sale_66d89d8f55,Android Car Dealer Tracker/app/src/main/java/com/ezcar24/business/ui/parts/PartDetailBottomSheet.kt; Android Car Dealer Tracker/app/src/main/java/com/ezcar24/business/ui/sale/AddSaleScreen.kt,New Sale,新規販売,no
l10n_newest_added_04df647871,Android Car Dealer Tracker/app/src/main/java/com/ezcar24/business/ui/vehicle/VehicleListScreen.kt,Newest Added,追加日: 新しい順,no
l10n_next_reminder_5f4f731670,Android Car Dealer Tracker/app/src/main/java/com/ezcar24/business/ui/client/ClientDetailScreen.kt,Next Reminder,次のリマインダー,no
l10n_no_816c52fd2b,resource/manual,No,いいえ,no
l10n_no_burning_inventory_6dd14714f6,resource/manual,No burning inventory,長期在庫はありません,yes
l10n_no_expenses_recorded_for_this_vehicle_c072fec1dd,Android Car Dealer Tracker/app/src/main/java/com/ezcar24/business/ui/vehicle/VehicleDetailScreen.kt,No expenses recorded for this vehicle,この車両の経費はまだありません,no
l10n_no_interactions_recorded_fcfb0c9bc0,Android Car Dealer Tracker/app/src/main/java/com/ezcar24/business/ui/client/ClientDetailScreen.kt,No interactions recorded,対応履歴はありません,no
l10n_no_inventory_available_yet_5380356e1d,Android Car Dealer Tracker/app/src/main/java/com/ezcar24/business/ui/client/ClientDetailScreen.kt,No inventory available yet,利用可能な在庫はまだありません,yes
l10n_no_organizations_yet_e932e617af,Android Car Dealer Tracker/app/src/main/java/com/ezcar24/business/ui/dashboard/DashboardScreen.kt,No organizations yet,組織はまだありません,no
l10n_no_payment_history_26a1fce3d4,Android Car Dealer Tracker/app/src/main/java/com/ezcar24/business/ui/finance/DebtScreens.kt,No payment history,支払い履歴はありません,no
l10n_no_photo_available_26ee476cf8,Android Car Dealer Tracker/app/src/main/java/com/ezcar24/business/ui/vehicle/VehicleDetailScreen.kt,No photo available,写真はありません,no
l10n_no_photos_selected_dde0dad3af,Android Car Dealer Tracker/app/src/main/java/com/ezcar24/business/ui/vehicle/VehicleDetailScreen.kt,No photos selected,写真が選択されていません,no
l10n_no_reminders_set_deaccb44c3,Android Car Dealer Tracker/app/src/main/java/com/ezcar24/business/ui/client/ClientDetailScreen.kt,No reminders set,リマインダーは設定されていません,no
l10n_no_transactions_yet_494bb679a0,Android Car Dealer Tracker/app/src/main/java/com/ezcar24/business/ui/finance/FinancialAccountScreens.kt,No transactions yet,取引はまだありません,no
l10n_no_vehicle_linked_1207f8a434,resource/manual,No vehicle linked,紐づく車両はありません,no
l10n_no_vehicle_selected_ba526a43b4,Android Car Dealer Tracker/app/src/main/java/com/ezcar24/business/ui/client/ClientDetailScreen.kt,No vehicle selected,車両が選択されていません,no
l10n_no_vehicles_found_c578cfdbd5,Android Car Dealer Tracker/app/src/main/java/com/ezcar24/business/ui/vehicle/VehicleListScreen.kt,No vehicles found,車両が見つかりません,no
l10n_none_6eef664840,Android Car Dealer Tracker/app/src/main/java/com/ezcar24/business/ui/expense/AddExpenseSheet.kt; Android Car Dealer Tracker/app/src/main/java/com/ezcar24/business/ui/parts/PartsDashboardScreen.kt,None,なし,no
l10n_not_selected_183079f3bd,resource/manual,Not selected,未選択,no
l10n_note_optional_df9d34ca45,Android Car Dealer Tracker/app/src/main/java/com/ezcar24/business/ui/finance/FinancialAccountScreens.kt,Note (Optional),メモ（任意）,no
l10n_notes_70440046a3,Android Car Dealer Tracker/app/src/main/java/com/ezcar24/business/ui/client/ClientDetailScreen.kt; Android Car Dealer Tracker/app/src/main/java/com/ezcar24/business/ui/components/crm/AddInteractionSheet.kt; Android Car Dealer Tracker/app/src/main/java/com/ezcar24/business/ui/parts/PartsDashboardScreen.kt; Android Car Dealer Tracker/app/src/main/java/com/ezcar24/business/ui/vehicle/VehicleDetailScreen.kt,Notes,メモ,no
l10n_notes_e69fc18a69,Android Car Dealer Tracker/app/src/main/java/com/ezcar24/business/ui/client/ClientDetailScreen.kt,NOTES,メモ,no
l10n_notes_optional_2fd5716446,Android Car Dealer Tracker/app/src/main/java/com/ezcar24/business/ui/finance/DebtScreens.kt,Notes (Optional),メモ（任意）,no
l10n_offline_queue_51301f4d01,Android Car Dealer Tracker/app/src/main/java/com/ezcar24/business/ui/settings/DataHealthScreen.kt,Offline Queue,オフラインキュー,no
l10n_ok_9ce3bd4224,Android Car Dealer Tracker/app/src/main/java/com/ezcar24/business/ui/parts/PartsDashboardScreen.kt; Android Car Dealer Tracker/app/src/main/java/com/ezcar24/business/ui/settings/BackupCenterScreen.kt; Android Car Dealer Tracker/app/src/main/java/com/ezcar24/business/ui/vehicle/VehicleAddEditScreen.kt,OK,OK,no
l10n_oldest_added_4864f09810,Android Car Dealer Tracker/app/src/main/java/com/ezcar24/business/ui/vehicle/VehicleListScreen.kt,Oldest Added,追加日: 古い順,no
l10n_on_hand_41733d8e55,resource/manual,On Hand,在庫数,yes
l10n_on_hand_s_b4e94bd7fb,Android Car Dealer Tracker/app/src/main/java/com/ezcar24/business/ui/parts/PartsDashboardScreen.kt,On Hand: %s,在庫数: %s,yes
l10n_on_sale_684df04fff,Android Car Dealer Tracker/app/src/main/java/com/ezcar24/business/ui/inventory/InventoryAnalyticsScreen.kt,On Sale,販売中,no
l10n_open_receipt_29074b8045,Android Car Dealer Tracker/app/src/main/java/com/ezcar24/business/util/ExpenseReceiptViewer.kt,Open receipt,領収書を開く,no
l10n_operational_8459f93535,Android Car Dealer Tracker/app/src/main/java/com/ezcar24/business/ui/expense/ExpenseScreen.kt,Operational,運営費,no
l10n_owes_you_855addac0e,resource/manual,OWES YOU,相手の支払い,no
l10n_owned_b62ff5ccd1,Android Car Dealer Tracker/app/src/main/java/com/ezcar24/business/ui/inventory/InventoryAnalyticsScreen.kt,Owned,在庫保管中,yes
l10n_paid_by_2e06e8e0d2,Android Car Dealer Tracker/app/src/main/java/com/ezcar24/business/ui/expense/AddExpenseSheet.kt,Paid By,支払者,no
l10n_part_88be9d62d7,Android Car Dealer Tracker/app/src/main/java/com/ezcar24/business/ui/parts/PartsDashboardScreen.kt,Part,部品,yes
l10n_part_batches_e6bca6edb1,resource/manual,Part Batches,部品ロット,yes
l10n_part_sale_line_items_913154a288,resource/manual,Part Sale Line Items,部品販売明細,yes
l10n_part_sales_14413b3d65,resource/manual,Part Sales,部品販売,yes
l10n_parts_e374280917,Android Car Dealer Tracker/app/src/main/java/com/ezcar24/business/ui/parts/PartsDashboardScreen.kt,Parts,部品,yes
l10n_password_reset_email_sent_check_your_inbox_de927be614,resource/manual,Password reset email sent! Check your inbox.,パスワード再設定メールを送信しました。受信箱を確認してください。,no
l10n_password_updated_successfully_please_sign__8c88ae9b78,resource/manual,Password updated successfully. Please sign in with your new password.,パスワードを更新しました。新しいパスワードでサインインしてください。,no
l10n_payment_amount_s_4b4a7ded49,Android Car Dealer Tracker/app/src/main/java/com/ezcar24/business/ui/finance/DebtScreens.kt,Payment Amount (%s),支払額（%s）,no
l10n_payment_method_f383f6a23c,Android Car Dealer Tracker/app/src/main/java/com/ezcar24/business/ui/parts/PartsDashboardScreen.kt; Android Car Dealer Tracker/app/src/main/java/com/ezcar24/business/ui/vehicle/VehicleAddEditScreen.kt,Payment Method,支払方法,no
l10n_pending_invite_4c0cead4ed,resource/manual,Pending invite,招待保留中,no
l10n_phone_number_ab25d61bb1,Android Car Dealer Tracker/app/src/main/java/com/ezcar24/business/ui/client/ClientDetailScreen.kt,Phone Number,電話番号,no
l10n_photo_gallery_44ef3f997a,Android Car Dealer Tracker/app/src/main/java/com/ezcar24/business/ui/vehicle/VehicleDetailScreen.kt,Photo Gallery,写真ギャラリー,no
l10n_please_sign_in_to_accept_the_invitation_8500a13e70,resource/manual,Please sign in to accept the invitation.,招待を承認するにはサインインしてください。,no
l10n_preview_f1fbb2b43d,resource/manual,Preview,プレビュー,no
l10n_preview_previous_month_0f655d06b2,resource/manual,Preview previous month,前月をプレビュー,no
l10n_price_high_to_low_c60097c36d,Android Car Dealer Tracker/app/src/main/java/com/ezcar24/business/ui/vehicle/VehicleListScreen.kt,Price: High to Low,価格: 高い順,no
l10n_price_low_to_high_ed3d3af1bd,Android Car Dealer Tracker/app/src/main/java/com/ezcar24/business/ui/vehicle/VehicleListScreen.kt,Price: Low to High,価格: 低い順,no
l10n_priority_d_25ab148977,Android Car Dealer Tracker/app/src/main/java/com/ezcar24/business/ui/components/crm/LeadPriorityIndicator.kt,Priority %d,優先度 %d,no
l10n_privacy_policy_9db108ba6b,resource/manual,Privacy Policy,プライバシーポリシー,no
l10n_profile_ff4fc0276e,Android Car Dealer Tracker/app/src/main/java/com/ezcar24/business/ui/dashboard/DashboardScreen.kt,Profile,プロフィール,no
l10n_projected_roi_is_s_consider_cost_reduction_8685e99daf,resource/manual,Projected ROI is %s%%. Consider cost reduction or price increase.,予測ROIは%s%%です。コスト削減または値上げを検討してください。,no
l10n_purchase_date_44c49c39bc,Android Car Dealer Tracker/app/src/main/java/com/ezcar24/business/ui/vehicle/VehicleDetailScreen.kt,Purchase Date:,仕入日:,no
l10n_purchase_status_2a8751d8fd,resource/manual,Purchase &amp; Status,仕入・ステータス,no
l10n_quantity_44f6af6945,Android Car Dealer Tracker/app/src/main/java/com/ezcar24/business/ui/parts/PartsDashboardScreen.kt,Quantity,数量,no
l10n_queue_d_dad2e299dd,Android Car Dealer Tracker/app/src/main/java/com/ezcar24/business/ui/settings/DataHealthScreen.kt,Queue: %d,キュー: %d,no
l10n_quick_exports_d46b411b0f,Android Car Dealer Tracker/app/src/main/java/com/ezcar24/business/ui/settings/BackupCenterScreen.kt,Quick Exports,クイックエクスポート,no
l10n_re_enter_password_aefce7f750,Android Car Dealer Tracker/app/src/main/java/com/ezcar24/business/ui/auth/PasswordResetScreen.kt,Re-enter password,パスワードを再入力,no
l10n_receipt_f6ce3b6fcf,resource/manual,Receipt,領収書,no
l10n_receipt_removed_d5c1b3de12,Android Car Dealer Tracker/app/src/main/java/com/ezcar24/business/ui/expense/ExpenseDetailBottomSheet.kt,Receipt removed,領収書を削除しました,no
l10n_receipt_updated_91e7da08ee,Android Car Dealer Tracker/app/src/main/java/com/ezcar24/business/ui/expense/ExpenseDetailBottomSheet.kt,Receipt updated,領収書を更新しました,no
l10n_receive_stock_7f38105bfd,Android Car Dealer Tracker/app/src/main/java/com/ezcar24/business/ui/parts/PartDetailBottomSheet.kt; Android Car Dealer Tracker/app/src/main/java/com/ezcar24/business/ui/parts/PartsDashboardScreen.kt,Receive Stock,入庫,no
l10n_record_payment_6577ced3c0,Android Car Dealer Tracker/app/src/main/java/com/ezcar24/business/ui/finance/DebtScreens.kt,Record Payment,支払いを記録,no
l10n_refresh_56e3badc4e,Android Car Dealer Tracker/app/src/main/java/com/ezcar24/business/ui/crm/LeadFunnelScreen.kt; Android Car Dealer Tracker/app/src/main/java/com/ezcar24/business/ui/crm/LeadManagementScreen.kt; Android Car Dealer Tracker/app/src/main/java/com/ezcar24/business/ui/settings/DataHealthScreen.kt; Android Car Dealer Tracker/app/src/main/java/com/ezcar24/business/ui/settings/MonthlyReportSettingsScreen.kt; Android Car Dealer Tracker/app/src/main/java/com/ezcar24/business/ui/settings/TeamMembersScreen.kt,Refresh,更新,no
l10n_region_language_61abc4a8c8,resource/manual,Region &amp; Language,地域と言語,no
l10n_reminder_title_e0a0d76c7c,Android Car Dealer Tracker/app/src/main/java/com/ezcar24/business/ui/client/ClientDetailScreen.kt,Reminder Title,リマインダー件名,no
l10n_reminders_414594a618,Android Car Dealer Tracker/app/src/main/java/com/ezcar24/business/ui/client/ClientDetailScreen.kt,REMINDERS,リマインダー,no
l10n_reminders_ae8c393938,resource/manual,Reminders,リマインダー,no
l10n_reminders_deadlines_00a3464088,Android Car Dealer Tracker/app/src/main/java/com/ezcar24/business/ui/settings/SettingsScreen.kt,Reminders &amp; Deadlines,リマインダーと期限,no
l10n_remove_cover_7a5eef5219,Android Car Dealer Tracker/app/src/main/java/com/ezcar24/business/ui/vehicle/VehicleDetailScreen.kt,Remove cover,カバーを解除,no
l10n_remove_e963907dac,Android Car Dealer Tracker/app/src/main/java/com/ezcar24/business/ui/settings/TeamMembersScreen.kt,Remove,削除,no
l10n_remove_receipt_7ad9820882,resource/manual,Remove Receipt,領収書を削除,no
l10n_report_export_failed_4df279729b,resource/manual,Report export failed,レポートのエクスポートに失敗しました,no
l10n_request_details_5a4c5cf8bc,Android Car Dealer Tracker/app/src/main/java/com/ezcar24/business/ui/client/ClientDetailScreen.kt,Request Details,依頼詳細,no
l10n_request_permanent_removal_of_your_account__715c8b1c9a,resource/manual,Request permanent removal of your account and all data,アカウントと全データの完全削除を依頼,no
l10n_reset_44c57abd88,Android Car Dealer Tracker/app/src/main/java/com/ezcar24/business/ui/settings/TeamMembersScreen.kt,Reset,リセット,no
l10n_restore_purchases_2d5574135f,Android Car Dealer Tracker/app/src/main/java/com/ezcar24/business/ui/settings/PaywallScreen.kt,Restore Purchases,購入を復元,no
l10n_revenue_9ee5830936,resource/manual,REVENUE,売上,no
l10n_roi_high_to_low_829d8222f7,Android Car Dealer Tracker/app/src/main/java/com/ezcar24/business/ui/vehicle/VehicleListScreen.kt,ROI: High to Low,ROI: 高い順,no
l10n_roi_is_s_consider_reviewing_pricing_strate_d69c12723b,resource/manual,ROI is %s%%. Consider reviewing pricing strategy.,ROIは%s%%です。価格戦略の見直しを検討してください。,no
l10n_roi_low_to_high_0f09644eb4,Android Car Dealer Tracker/app/src/main/java/com/ezcar24/business/ui/vehicle/VehicleListScreen.kt,ROI: Low to High,ROI: 低い順,no
l10n_s_s_089331a24a,Android Car Dealer Tracker/app/src/main/java/com/ezcar24/business/ui/settings/DataHealthScreen.kt,%1$s • %2$s,%1$s・%2$s,no
l10n_s_s_d5e99a8a81,Android Car Dealer Tracker/app/src/main/java/com/ezcar24/business/ui/finance/DebtScreens.kt,%1$s (%2$s),%1$s（%2$s）,no
l10n_s_s_x_s_0f834ca715,Android Car Dealer Tracker/app/src/main/java/com/ezcar24/business/ui/parts/PartsDashboardScreen.kt,%1$s: %2$s x %3$s,%1$s: %2$s × %3$s,no
l10n_sale_details_be513b66e1,resource/manual,Sale Details,販売詳細,no
l10n_sale_price_s_cef9b3cb38,Android Car Dealer Tracker/app/src/main/java/com/ezcar24/business/ui/sale/AddSaleScreen.kt,Sale Price (%s),販売価格（%s）,no
l10n_sales_d0edfb6e8c,Android Car Dealer Tracker/app/src/main/java/com/ezcar24/business/ui/parts/PartsDashboardScreen.kt; Android Car Dealer Tracker/app/src/main/java/com/ezcar24/business/ui/sale/SalesScreen.kt,Sales,販売,no
l10n_save_as_template_18ea0c6cf8,Android Car Dealer Tracker/app/src/main/java/com/ezcar24/business/ui/expense/AddExpenseSheet.kt,Save as Template,テンプレートとして保存,no
l10n_save_client_to_add_reminders_9973b72e07,Android Car Dealer Tracker/app/src/main/java/com/ezcar24/business/ui/client/ClientDetailScreen.kt,Save client to add reminders,リマインダーを追加するには顧客を保存してください,no
l10n_save_client_to_log_interactions_c757eff3fd,Android Car Dealer Tracker/app/src/main/java/com/ezcar24/business/ui/client/ClientDetailScreen.kt,Save client to log interactions,対応履歴を記録するには顧客を保存してください,no
l10n_save_efc007a393,Android Car Dealer Tracker/app/src/main/java/com/ezcar24/business/ui/client/ClientDetailScreen.kt; Android Car Dealer Tracker/app/src/main/java/com/ezcar24/business/ui/components/FinancialSummaryCard.kt; Android Car Dealer Tracker/app/src/main/java/com/ezcar24/business/ui/expense/AddExpenseSheet.kt; Android Car Dealer Tracker/app/src/main/java/com/ezcar24/business/ui/finance/DebtScreens.kt; Android Car Dealer Tracker/app/src/main/java/com/ezcar24/business/ui/finance/FinancialAccountScreens.kt; Android Car Dealer Tracker/app/src/main/java/com/ezcar24/business/ui/parts/PartsDashboardScreen.kt; Android Car Dealer Tracker/app/src/main/java/com/ezcar24/business/ui/settings/TeamMembersScreen.kt; Android Car Dealer Tracker/app/src/main/java/com/ezcar24/business/ui/vehicle/VehicleAddEditScreen.kt,Save,保存,no
l10n_save_expense_b89a5c0890,Android Car Dealer Tracker/app/src/main/java/com/ezcar24/business/ui/expense/AddExpenseSheet.kt,Save Expense,経費を保存,no
l10n_save_interaction_71551456df,Android Car Dealer Tracker/app/src/main/java/com/ezcar24/business/ui/components/crm/AddInteractionSheet.kt,Save Interaction,対応履歴を保存,no
l10n_save_order_bc2ed7f4c6,Android Car Dealer Tracker/app/src/main/java/com/ezcar24/business/ui/vehicle/VehicleDetailScreen.kt,Save Order,注文を保存,no
l10n_save_settings_0022a3e10c,Android Car Dealer Tracker/app/src/main/java/com/ezcar24/business/ui/settings/HoldingCostSettingsScreen.kt,Save Settings,設定を保存,no
l10n_save_template_2d7eec43dc,Android Car Dealer Tracker/app/src/main/java/com/ezcar24/business/ui/expense/AddExpenseSheet.kt,Save Template,テンプレートを保存,no
l10n_search_6d7a30a931,Android Car Dealer Tracker/app/src/main/java/com/ezcar24/business/ui/sale/SalesScreen.kt,Search...,検索...,no
l10n_search_bce0641417,Android Car Dealer Tracker/app/src/main/java/com/ezcar24/business/ui/dashboard/DashboardScreen.kt; Android Car Dealer Tracker/app/src/main/java/com/ezcar24/business/ui/sale/SalesScreen.kt; Android Car Dealer Tracker/app/src/main/java/com/ezcar24/business/ui/search/GlobalSearchScreen.kt,Search,検索,no
l10n_search_by_name_phone_10fa0a8ccb,Android Car Dealer Tracker/app/src/main/java/com/ezcar24/business/ui/client/ClientListScreen.kt,"Search by name, phone...",名前、電話番号で検索...,no
l10n_search_leads_6406ab34a2,Android Car Dealer Tracker/app/src/main/java/com/ezcar24/business/ui/crm/LeadManagementScreen.kt,Search leads...,リードを検索...,no
l10n_search_make_model_vin_dfaf1206da,Android Car Dealer Tracker/app/src/main/java/com/ezcar24/business/ui/vehicle/VehicleListScreen.kt,"Search Make, Model, VIN...",メーカー、車種、VINを検索...,no
l10n_search_vehicles_clients_expenses_d2a6e2e3ca,Android Car Dealer Tracker/app/src/main/java/com/ezcar24/business/ui/search/GlobalSearchScreen.kt,"Search vehicles, clients, expenses",車両、顧客、経費を検索,no
l10n_security_f25ce1b8a3,resource/manual,Security,セキュリティ,no
l10n_see_all_8196e42428,Android Car Dealer Tracker/app/src/main/java/com/ezcar24/business/ui/dashboard/DashboardScreen.kt,See All,すべて表示,no
l10n_select_account_3a2f7de683,Android Car Dealer Tracker/app/src/main/java/com/ezcar24/business/ui/expense/AddExpenseSheet.kt; Android Car Dealer Tracker/app/src/main/java/com/ezcar24/business/ui/finance/DebtScreens.kt; Android Car Dealer Tracker/app/src/main/java/com/ezcar24/business/ui/parts/PartsDashboardScreen.kt; Android Car Dealer Tracker/app/src/main/java/com/ezcar24/business/ui/vehicle/VehicleAddEditScreen.kt; Android Car Dealer Tracker/app/src/main/java/com/ezcar24/business/ui/vehicle/VehicleListScreen.kt,Select Account,口座を選択,no
l10n_select_user_c875cbd5b1,Android Car Dealer Tracker/app/src/main/java/com/ezcar24/business/ui/expense/AddExpenseSheet.kt,Select User,ユーザーを選択,no
l10n_select_vehicle_fea7a520f3,Android Car Dealer Tracker/app/src/main/java/com/ezcar24/business/ui/expense/AddExpenseSheet.kt,Select Vehicle,車両を選択,no
l10n_select_vehicle_from_inventory_eac779c320,Android Car Dealer Tracker/app/src/main/java/com/ezcar24/business/ui/sale/AddSaleScreen.kt,Select Vehicle from Inventory,在庫から車両を選択,yes
l10n_selected_vehicle_541c389a97,Android Car Dealer Tracker/app/src/main/java/com/ezcar24/business/ui/sale/AddSaleScreen.kt,SELECTED VEHICLE,選択中の車両,no
l10n_send_test_email_fc552c754d,resource/manual,Send test email,テストメールを送信,no
l10n_set_as_cover_d928f2a600,Android Car Dealer Tracker/app/src/main/java/com/ezcar24/business/ui/vehicle/VehicleDetailScreen.kt,Set as cover,カバーに設定,no
l10n_set_first_photo_as_cover_d614268a69,Android Car Dealer Tracker/app/src/main/java/com/ezcar24/business/ui/vehicle/VehicleAddEditScreen.kt; Android Car Dealer Tracker/app/src/main/java/com/ezcar24/business/ui/vehicle/VehicleDetailScreen.kt,Set first photo as cover,最初の写真をカバーに設定,no
l10n_settings_saved_successfully_8b014ac160,Android Car Dealer Tracker/app/src/main/java/com/ezcar24/business/ui/settings/HoldingCostSettingsScreen.kt,Settings saved successfully,設定を保存しました,no
l10n_share_09ca55ca52,Android Car Dealer Tracker/app/src/main/java/com/ezcar24/business/ui/vehicle/VehicleDetailScreen.kt,Share,共有,no
l10n_share_file_f405dcfb52,Android Car Dealer Tracker/app/src/main/java/com/ezcar24/business/ui/settings/BackupCenterScreen.kt,Share File,ファイルを共有,no
l10n_share_invite_dbcc1e50dc,Android Car Dealer Tracker/app/src/main/java/com/ezcar24/business/ui/settings/SettingsScreen.kt,Share invite,招待を共有,no
l10n_sign_in_f8492cc1de,resource/manual,Sign In,サインイン,no
l10n_sign_up_2ba4023df4,resource/manual,Sign Up,登録,no
l10n_sms_9e10d4517d,Android Car Dealer Tracker/app/src/main/java/com/ezcar24/business/ui/client/ClientDetailScreen.kt,SMS,SMS,no
l10n_snapshots_export_and_recovery_826b7d89cd,resource/manual,"Snapshots, export, and recovery",スナップショット、エクスポート、復元,no
l10n_sold_e6560d9c29,resource/manual,Sold,販売済み,no
l10n_sort_adc4e96a47,Android Car Dealer Tracker/app/src/main/java/com/ezcar24/business/ui/crm/LeadManagementScreen.kt; Android Car Dealer Tracker/app/src/main/java/com/ezcar24/business/ui/vehicle/VehicleListScreen.kt,Sort,並び替え,no
l10n_start_free_trial_22c637aa3f,resource/manual,Start Free Trial,無料トライアルを開始,no
l10n_status_bae7d5be70,Android Car Dealer Tracker/app/src/main/java/com/ezcar24/business/ui/vehicle/VehicleAddEditScreen.kt,Status,ステータス,no
l10n_subscribe_now_378b0c5691,resource/manual,Subscribe Now,今すぐ登録,no
l10n_summary_12b71c3e0f,Android Car Dealer Tracker/app/src/main/java/com/ezcar24/business/ui/settings/DataHealthScreen.kt,Summary,概要,no
l10n_support_f32d5a3b17,resource/manual,Support,サポート,no
l10n_sync_905f63092f,Android Car Dealer Tracker/app/src/main/java/com/ezcar24/business/ui/dashboard/DashboardScreen.kt,Sync,同期,no
l10n_sync_now_c9113495d0,resource/manual,Sync Now,今すぐ同期,no
l10n_syncing_s_a95262f700,Android Car Dealer Tracker/app/src/main/java/com/ezcar24/business/ui/settings/DataHealthScreen.kt,Syncing: %s,同期中: %s,no
l10n_take_photo_e9765b270b,resource/manual,Take Photo,写真を撮影,no
l10n_tap_edit_to_add_photo_c6a1bff634,Android Car Dealer Tracker/app/src/main/java/com/ezcar24/business/ui/vehicle/VehicleDetailScreen.kt,Tap Edit to add photo,写真を追加するには編集をタップ,no
l10n_tap_to_add_a_new_client_c724b04224,Android Car Dealer Tracker/app/src/main/java/com/ezcar24/business/ui/client/ClientListScreen.kt,Tap + to add a new client,+をタップして新規顧客を追加,no
l10n_tap_to_add_photo_c86051a233,Android Car Dealer Tracker/app/src/main/java/com/ezcar24/business/ui/vehicle/VehicleAddEditScreen.kt,Tap to add photo,タップして写真を追加,no
l10n_tap_to_upgrade_to_pro_0fe329c732,resource/manual,Tap to upgrade to Pro,タップしてProにアップグレード,no
l10n_team_members_a12f4a2ed5,resource/manual,Team Members,チームメンバー,no
l10n_template_name_48c5544ff8,Android Car Dealer Tracker/app/src/main/java/com/ezcar24/business/ui/expense/AddExpenseSheet.kt,Template Name,テンプレート名,no
l10n_template_saved_aa1dc3dd61,Android Car Dealer Tracker/app/src/main/java/com/ezcar24/business/ui/expense/AddExpenseSheet.kt,Template saved,テンプレートを保存しました,no
l10n_terms_of_use_97738411d6,resource/manual,Terms of Use,利用規約,no
l10n_text_4345cb1fa2,Android Car Dealer Tracker/app/src/main/java/com/ezcar24/business/ui/settings/HoldingCostSettingsScreen.kt,%,%,no
l10n_this_action_cannot_be_undone_951f495b34,Android Car Dealer Tracker/app/src/main/java/com/ezcar24/business/ui/vehicle/VehicleDetailScreen.kt,This action cannot be undone.,この操作は元に戻せません。,no
l10n_this_interaction_will_be_removed_from_the__515f9c32f7,Android Car Dealer Tracker/app/src/main/java/com/ezcar24/business/ui/client/ClientDetailScreen.kt,This interaction will be removed from the client timeline.,この対応履歴は顧客タイムラインから削除されます。,no
l10n_this_reminder_and_its_notification_will_be_eb9d1ed05d,Android Car Dealer Tracker/app/src/main/java/com/ezcar24/business/ui/client/ClientDetailScreen.kt,This reminder and its notification will be removed.,このリマインダーと通知は削除されます。,no
l10n_title_768e0c1c69,Android Car Dealer Tracker/app/src/main/java/com/ezcar24/business/ui/components/crm/AddInteractionSheet.kt,Title,名義関連,no
l10n_top_sold_vehicles_75b5535b97,Android Car Dealer Tracker/app/src/main/java/com/ezcar24/business/ui/settings/BackupCenterViewModel.kt,Top Sold Vehicles,販売上位車両,no
l10n_total_assets_5d9f9af9e7,resource/manual,Total Assets,総資産,no
l10n_total_b25928c699,resource/manual,Total,合計,no
l10n_total_revenue_f3a8370f38,resource/manual,Total Revenue,売上合計,no
l10n_total_value_4949c4c8f4,Android Car Dealer Tracker/app/src/main/java/com/ezcar24/business/ui/parts/PartsDashboardScreen.kt,Total Value,総額,no
l10n_track_daily_cost_of_keeping_vehicles_in_in_7fcc384e23,Android Car Dealer Tracker/app/src/main/java/com/ezcar24/business/ui/settings/HoldingCostSettingsScreen.kt,Track daily cost of keeping vehicles in inventory,在庫車両の1日あたり保管コストを管理,yes
l10n_trigger_the_backend_delivery_flow_802ee82819,resource/manual,Trigger the backend delivery flow,バックエンド配信フローを実行,no
l10n_unit_cost_0105252023,Android Car Dealer Tracker/app/src/main/java/com/ezcar24/business/ui/parts/PartsDashboardScreen.kt,Unit Cost,単価原価,no
l10n_unit_price_1eea68d093,Android Car Dealer Tracker/app/src/main/java/com/ezcar24/business/ui/parts/PartsDashboardScreen.kt,Unit Price,販売単価,no
l10n_update_access_b5cb6f9c8f,Android Car Dealer Tracker/app/src/main/java/com/ezcar24/business/ui/settings/TeamMembersScreen.kt,Update Access,アクセス権を更新,no
l10n_update_asking_price_95bce5bf83,Android Car Dealer Tracker/app/src/main/java/com/ezcar24/business/ui/components/FinancialSummaryCard.kt,Update Asking Price,掲載価格を更新,no
l10n_update_password_61dcf34e70,Android Car Dealer Tracker/app/src/main/java/com/ezcar24/business/ui/settings/ChangePasswordScreen.kt,Update Password,パスワードを更新,no
l10n_update_your_login_credentials_d6cfe5b236,resource/manual,Update your login credentials,ログイン情報を更新,no
l10n_upload_8bdf057f91,Android Car Dealer Tracker/app/src/main/java/com/ezcar24/business/ui/vehicle/VehicleDetailScreen.kt,Upload,アップロード,no
l10n_upload_photos_f561065970,Android Car Dealer Tracker/app/src/main/java/com/ezcar24/business/ui/vehicle/VehicleDetailScreen.kt,Upload Photos,写真をアップロード,no
l10n_upsert_e66a0fdf4e,resource/manual,Upsert,追加/更新,no
l10n_use_template_2379761496,Android Car Dealer Tracker/app/src/main/java/com/ezcar24/business/ui/expense/AddExpenseSheet.kt,Use Template,テンプレートを使用,no
l10n_user_guide_bec249e659,Android Car Dealer Tracker/app/src/main/java/com/ezcar24/business/ui/settings/UserGuideScreen.kt,User Guide,ユーザーガイド,no
l10n_users_57f2b181d0,resource/manual,Users,ユーザー,no
l10n_vehicle_9bb28c0dd3,Android Car Dealer Tracker/app/src/main/java/com/ezcar24/business/ui/expense/AddExpenseSheet.kt; Android Car Dealer Tracker/app/src/main/java/com/ezcar24/business/ui/vehicle/VehicleListScreen.kt,Vehicle,車両,no
l10n_vehicle_details_ef6dde72ac,Android Car Dealer Tracker/app/src/main/java/com/ezcar24/business/ui/vehicle/VehicleDetailScreen.kt,Vehicle Details,車両詳細,no
l10n_vehicle_has_been_in_inventory_for_d_days_c_f0713f2dae,resource/manual,Vehicle has been in inventory for %d days. Consider aggressive pricing.,在庫日数が%d日です。積極的な価格見直しを検討してください。,yes
l10n_vehicle_has_been_in_inventory_for_d_days_m_ee11aeb93c,resource/manual,Vehicle has been in inventory for %d days. Monitor closely.,在庫日数が%d日です。注意して確認してください。,yes
l10n_vehicle_has_been_in_inventory_for_d_days_r_66c29937e3,resource/manual,Vehicle has been in inventory for %d days. Review pricing strategy.,在庫日数が%d日です。価格戦略を見直してください。,yes
l10n_vehicle_has_healthy_margin_consider_a_smal_ea30eb4520,resource/manual,Vehicle has healthy margin. Consider a small price reduction to accelerate sale.,十分な利益幅があります。販売促進のため小幅な値下げを検討してください。,no
l10n_vehicle_interest_077f79a86a,resource/manual,Vehicle Interest,車両への関心,no
l10n_vehicle_interest_ba912fc45c,Android Car Dealer Tracker/app/src/main/java/com/ezcar24/business/ui/client/ClientDetailScreen.kt,VEHICLE INTEREST,希望車両,no
l10n_vehicle_not_found_6e96578c6e,Android Car Dealer Tracker/app/src/main/java/com/ezcar24/business/ui/vehicle/VehicleDetailScreen.kt,Vehicle not found,車両が見つかりません,no
l10n_vehicle_photo_fd45ffbd9b,Android Car Dealer Tracker/app/src/main/java/com/ezcar24/business/ui/vehicle/VehicleAddEditScreen.kt; Android Car Dealer Tracker/app/src/main/java/com/ezcar24/business/ui/vehicle/VehicleDetailScreen.kt,Vehicle Photo,車両写真,no
l10n_vehicles_60261ed275,resource/manual,Vehicles,車両,no
l10n_view_analytics_03b4fa3532,Android Car Dealer Tracker/app/src/main/java/com/ezcar24/business/ui/dashboard/DashboardScreen.kt,View Analytics,分析を表示,no
l10n_view_expenses_a38d3ee633,resource/manual,View Expenses,経費を表示,no
l10n_view_financials_3d9ca33d4b,resource/manual,View Financials,財務を表示,no
l10n_view_funnel_4e0fb19942,Android Car Dealer Tracker/app/src/main/java/com/ezcar24/business/ui/dashboard/DashboardScreen.kt,View Funnel,ファネルを表示,no
l10n_view_inventory_d834980d77,resource/manual,View Inventory,在庫を表示,yes
l10n_view_leads_bae2691c69,resource/manual,View Leads,リードを表示,no
l10n_view_part_cost_26b100383a,resource/manual,View Part Cost,部品原価を表示,yes
l10n_view_part_profit_7161f621f7,resource/manual,View Part Profit,部品利益を表示,yes
l10n_view_parts_inventory_ad3ca8694c,resource/manual,View Parts Inventory,部品在庫を表示,yes
l10n_view_receipt_94c8c4b5ab,Android Car Dealer Tracker/app/src/main/java/com/ezcar24/business/ui/expense/ExpenseDetailBottomSheet.kt,View Receipt,領収書を表示,no
l10n_view_vehicle_cost_2eea1fd8dd,resource/manual,View Vehicle Cost,車両原価を表示,no
l10n_view_vehicle_profit_80f9d39e15,resource/manual,View Vehicle Profit,車両利益を表示,no
l10n_vin_f4d631a147,Android Car Dealer Tracker/app/src/main/java/com/ezcar24/business/ui/vehicle/VehicleDetailScreen.kt,VIN:,VIN:,no
l10n_vin_s_fbdc3936ba,Android Car Dealer Tracker/app/src/main/java/com/ezcar24/business/ui/sale/AddSaleScreen.kt,VIN: %s,車台番号/VIN: %s,no
l10n_warning_e9c4556335,Android Car Dealer Tracker/app/src/main/java/com/ezcar24/business/ui/inventory/InventoryAlertsScreen.kt,Warning,警告,no
l10n_welcome_back_1c9089485a,resource/manual,Welcome Back,おかえりなさい,no
l10n_what_is_this_client_looking_for_5026141573,Android Car Dealer Tracker/app/src/main/java/com/ezcar24/business/ui/client/ClientDetailScreen.kt,What is this client looking for?,この顧客は何を探していますか？,no
l10n_what_is_this_for_5c24adade1,Android Car Dealer Tracker/app/src/main/java/com/ezcar24/business/ui/expense/AddExpenseSheet.kt,What is this for?,用途,no
l10n_whatsapp_b336fc5587,Android Car Dealer Tracker/app/src/main/java/com/ezcar24/business/ui/client/ClientDetailScreen.kt; Android Car Dealer Tracker/app/src/main/java/com/ezcar24/business/ui/client/ClientListScreen.kt,WhatsApp,WhatsApp,no
l10n_withdraw_47e5641946,Android Car Dealer Tracker/app/src/main/java/com/ezcar24/business/ui/finance/FinancialAccountScreens.kt,Withdraw,出金,no
l10n_withdraw_funds_3e29e33238,resource/manual,Withdraw Funds,出金する,no
l10n_year_newest_f5b725e08b,Android Car Dealer Tracker/app/src/main/java/com/ezcar24/business/ui/vehicle/VehicleListScreen.kt,Year: Newest,年式: 新しい順,no
l10n_yes_5397e0583f,resource/manual,Yes,はい,no
l10n_you_owe_aeb436abf8,resource/manual,YOU OWE,自社の支払い,no
